{"iter": 0, "train/loss": 10.840995788574219, "val/loss": 10.841190338134766, "lr": 0.0006, "mfu": -100.0, "_timestamp": 1696170630.7900128, "_runtime": 22.715613842010498, "_step": 0, "_wandb": {"runtime": 39}}