{"iter": 600, "train/loss": 3.243025541305542, "val/loss": 5.414361000061035, "lr": 0.0006, "mfu": 1.4420814158173387, "_timestamp": 1696176596.546975, "_runtime": 2269.708795785904, "_step": 12, "_wandb": {"runtime": 2271}}