{"iter": 500, "train/loss": 3.178351402282715, "val/loss": 5.565658092498779, "lr": 0.0006, "mfu": 0.0, "_timestamp": 1696174285.878765, "_runtime": 3607.0664291381836, "_step": 10, "_wandb": {"runtime": 3620}}